1,Alejandro Miguel Gonzales Rodrigues,7,OPP,207,2003-12-03,9,23
2,Nivaldo Nadhir Dias Gomez,7,OH,207,1994-03-24,10,32
3,Alexis Wilson Velazquez,7,OH,202,2003-10-23,99,22
4,Julio Cesar Cardenas Morales,7,OH,200,2000-09-04,3,25
5,Julio Alberto Gomez Galvez,7,S,194,1999-07-24,8,26
6,David Fiel Rodriguez,7,MB,205,1993-08-28,15,32
7,Thiago Suarez Mendoza,7,MB,194,2004-09-15,20,21
8,Daniel Guillermo Martinez Campos,7,OPP,215,2005-09-10,30,20
9,Victor Ramon Andreu Flores,7,OH,188,2001-08-31,32,24
10,Bryan Camino Martinez,7,OH,186,2003-02-23,4,23
11,Yonder Roman Garcia Alvarez,7,L,175,1993-02-26,7,33
12,Lazaro Yudiel Arrechea Najorro,7,L,190,2000-03-16,12,26
13,Jakdiel Contreras Acosta,7,MB,203,2004-07-27,17,21
14,Christian Manuel Thondike Mejias,7,S,190,2001-05-28,28,25
15,Bartosz Gomulka,13,OPP,204,2002-05-30,50,24
17,Michal Gierzot,13,OPP,208,2001-10-04,27,24
18,Bartolomiej Lemanski,13,MB,217,1996-03-18,7,30
19,Aleksander Sliwka,13,OH,196,1995-05-24,11,31
21,Bartosz Zych,13,OH,207,2006-07-15,58,19
22,Aliaksei Nasevich,13,OPP,200,2003-06-05,1,23
23,Jakub Ciunajtis,13,L,180,1998-08-06,13,27
24,Maksymilian Granieczny,13,L,179,2005-07-07,18,20
25,Bartosz Firszt,13,OH,198,1999-03-19,19,27
26,Marcel Bakaj,13,S,189,2004-11-05,32,21
27,Szymon Jakubiszak,13,MB,210,1998-02-13,34,28
28,Jan Firlej,13,S,188,1996-09-26,96,29
29,Zihua Wen,6,OPP,201,1999-11-25,1,26
30,Yuantai Yu,6,OH,186,1997-12-03,6,28
31,Bin Wang,6,OH,195,2001-06-23,23,25
32,Yongzhen Li,6,MB,198,1998-08-07,9,27
33,Chuan Jiang,6,OPP,205,1994-08-09,2,31
34,Shikun Peng,6,MB,208,2000-08-26,15,25
35,Hebin Wang,6,S,188,1997-06-27,3,27
36,Lei Li,6,OH,201,2001-04-23,4,25
37,Tianyue Li,6,OH,183,2001-10-22,7,24
38,Zhai Wu,6,S,189,1997-10-10,50,24
39,Zongshuai Qu,6,L,186,1999-01-20,16,27
40,Changli Wang,6,MB,205,2002-08-10,18,23
41,Baoqi Yang,6,OH,197,2004-08-28,24,21
42,Zhihong Xue,6,OH,195,2001-10-27,27,24
43,Rok Mozic,15,OH,200,2002-01-17,19,24
44,Nik Mujanovic,15,OPP,207,2004-10-14,20,26
45,Toncek Stern,15,OPP,200,1995-11-14,1,30
46,Alen Pajenk,15,MB,203,1986-04-23,2,40
47,Jan Kozamernik,15,MB,204,1995-12-24,4,30
48,Rok Bracko,15,OH,194,2004-04-21,8,22
49,Uros Planinsic,15,S,185,1998-05-09,3,28
50,Luka Marovt,15,OH,195,2005-01-13,7,21
52,Grega Okroglic,15,L,185,2004-06-09,12,22
53,Jani Kovacic,15,L,186,1992-06-14,13,34
54,Janz Janez Krzic,15,MB,202,2003-06-26,22,23
55,Nejc Najdic,15,S,198,2006-05-05,24,20
56,Klemen Sen,15,OH,192,2002-06-10,25,24
57,Dmytro Yanchuk,17,OH,197,1999-05-19,8,27
58,Vasyl Tupchii,17,OPP,194,1992-01-13,13,34
59,Illa Kovalov,17,OH,190,1996-08-31,14,29
60,Yurii Semeniuk,17,MB,210,1994-05-12,10,32
61,Vladyslav Shchurov,17,MB,208,2001-04-27,27,25
62,Tonkonoh Maksym,17,OPP,214,2007-10-22,26,18
63,Yurii Synytsia,17,S,194,1992-08-22,7,32
64,Yevhenii Kisiliuk,17,OH,197,1995-01-27,21,31
65,Vitalii Shychytkov,17,S,186,1991-11-25,15,34
66,Yevhenii Boiko,17,OH,185,2005-02-28,19,21
67,Oleksandr Nalozhnyi,17,OH,196,1996-07-24,20,29
68,Denys Veletskyi,17,MB,205,2000-01-15,22,26
69,Yaroslav Pampushko,17,L,180,2001-11-11,24,24
70,Andrii Chelenyak,17,MB,200,2005-01-02,30,21
71,Yuji Nishida,12,OPP,187,2000-01-30,1,26
72,Ran Takahashi,12,OH,188,2001-09-02,12,24
73,Kento Miyaura,12,OPP,190,1999-02-22,4,27
74,Yuki Ishikawa,12,OH,191,1995-12-11,14,30
75,Taishi Onodera,12,MB,202,1996-02-27,2,30
76,Larry Ik Evbade-Dan,12,MB,195,2000-08-18,23,25
77,Motoki Eiro,12,S,192,1996-06-08,21,30
78,Hideomi Fukatsu,12,S,181,1990-06-01,3,36
79,Tatsunori Otsuka,12,OH,195,2000-11-05,5,25
80,Akihiro Yamauchi,12,MB,204,1993-11-30,6,32
81,Kentaro Takahashi,12,MB,201,1995-02-08,10,31
82,Tomohiro Ogawa,12,L,176,1996-07-04,13,30
83,Masato Kai,12,OH,200,2003-09-25,15,22
84,Tomohiro Yamamoto,12,L,171,1994-11-05,20,31
85,Adis Lagumdzija,16,OPP,211,1999-03-29,12,27
86,"Efe Bayra,",16,OH,194,2002-03-01,20,24
87,Ahmet Tumer,16,MB,204,2001-09-15,3,24
88,Bedirhan Bulbul,16,MB,201,1999-07-29,7,26
89,Kaan Gurbuz,16,OPP,200,2001-08-16,1,24
90,Mirza Lagumdzija,16,OH,207,2001-05-18,10,25
91,Murat Yenipazar,16,S,194,1993-01-01,17,33
92,Ahmet Samet Baltaci,16,MB,210,1999-06-08,4,27
93,Marko Matic,16,MB,211,1995-05-22,5,31
94,Gokcen Yuksel,16,OH,204,2004-07-11,6,21
95,Cafer Kirkit,16,OH,194,2001-01-01,8,25
96,Beytullah Hatipolgu,16,L,190,1992-02-24,11,34
97,Berkay Bayraktar,16,L,190,1998-07-03,19,28
98,Muhammed Kaya,16,S,201,1995-02-07,23,31
99,Jake Hanes,18,OPP,210,1998-05-03,17,28
100,Matthew Anderson,18,OH,202,1987-04-18,1,39
101,Jeffrey Jendryk II,18,MB,208,1995-09-15,4,30
102,Ethan Champlin,18,OH,191,2001-11-29,20,24
103,Taylor Averill,18,MB,201,1992-03-05,13,34
104,Micah Ma?a,18,S,192,1997-04-16,14,29
105,Cole Hartke,18,OPP,211,2006-04-20,18,20
106,Mason Briggs,18,L,182,2001-01-12,3,25
107,Cooper Robinson,18,OH,202,2002-08-08,6,23
108,Michael Marshman,18,MB,201,1994-07-27,12,31
20,Adrian Markiewicz,13,MB,213,2002-04-12,24,24
51,Saso Stalekar,15,MB,214,1996-05-03,10,30
109,Andrew Rowan,18,S,201,2003-07-29,15,22
110,Erik Shoji,18,L,184,1989-08-24,22,36
111,Merrick McHenry,18,MB,200,2000-10-17,24,25
112,Jordan Ewart,18,OH,195,1997-03-18,29,29
113,Simeon Nikolov,4,S,207,2006-11-24,1,19
114,Viktor Georgiev,4,MB,205,2003-06-07,2,23
115,Ilia Petkov,4,MB,202,1996-10-10,3,29
116,Denislav Atanasov,4,OH,199,1996-09-27,4,29
117,Martin Asparuhov,4,OH,200,2000-07-28,8,25
118,Aleks Grozdanov,4,MB,208,1998-03-28,11,28
119,Denislav Tatarov,4,OH,200,2003-05-10,12,23
120,Teodor Bozhilov,4,L,180,2000-02-23,14,26
121,Georgi Zhelev,4,OH,200,2001-12-21,15,24
122,Nikolay Antov,4,OPP,195,2004-04-06,18,22
123,Borislav Palev,4,S,188,2003-05-21,20,23
124,Daniel Kolev,4,L,177,2002-01-11,22,24
125,Aleksandar Nikolov,4,OH,207,2003-11-30,23,22
126,Petar Petkov,4,MB,208,2003-10-28,29,22
127,Luciano De Cecco,1,S,193,1988-06-02,15,38
128,Matías Sánchez,1,S,173,1994-09-12,1,31
129,Joaquín Gallego,1,MB,203,1996-11-16,4,29
130,Agustín Loser,1,MB,198,1997-10-12,8,28
131,Nicolás Zerba,1,MB,204,1999-04-15,22,27
132,Germán Gómez,1,OPP,197,2001-03-24,6,25
133,Bruno Lima,1,OPP,198,1996-03-04,12,30
134,Luciano Palonsky,1,OH,198,1999-07-29,7,26
135,Jan Martínez Franchi,1,OH,192,1998-01-12,3,28
136,Manuel Armoa,1,OH,194,2002-12-28,11,23
137,Fausto Díaz,1,OH,196,2000-04-08,10,26
138,Santiago Danani,1,L,176,1995-12-10,9,30
139,Tobías Scarpa,1,L,175,2002-06-24,5,24
140,Pablo Urchevich,1,S,190,2002-07-10,13,23
141,Darlan Ferreira Souza,3,OPP,192,2002-06-24,1,24
142,Welinton Oppenkoski,3,OPP,194,2000-02-08,2,26
143,Thiery Nascimento,3,MB,200,2000-07-14,3,25
144,Gabriel Bieler,3,S,197,1996-05-08,4,30
145,Matheus Gonçalves,3,S,190,2002-03-12,5,24
146,Adriano Xavier,3,OH,201,2002-04-06,6,24
147,Matheus ?Pinta? Santos,3,MB,204,2003-04-08,7,23
148,Henrique Honorato,3,OH,190,1997-01-27,8,29
149,Leonardo Lukas Leodolter,3,OH,199,2002-02-17,9,24
150,Maicon França,3,OH,196,2004-01-07,10,22
151,Judson Nunes,3,MB,203,1998-09-20,11,27
152,Douglas Souza,3,OH,199,1995-08-20,12,30
153,Lucas Barreto,3,MB,209,2003-10-04,13,22
154,Fernando ?Cachopa? Kreling,3,S,186,1996-07-13,14,29
155,Maique Reis,3,L,184,1997-07-15,15,28
156,Joppe Van Hoyweghen,2,S,190,2001-01-11,11,25
157,Matthias Valkiers,2,S,185,1996-02-09,16,30
158,Ferre Reggers,2,OPP,203,2003-09-18,2,22
159,Jorne Vandecruys,2,OPP,201,1999-10-16,17,26
160,Simon Plaskie,2,OH,190,2002-07-17,6,23
161,Gilles Vandecaveye Fransen,2,OH,197,2001-01-04,8,25
162,Seppe Rotty,2,OH,192,2001-05-12,12,25
163,Kobe Verwimp,2,OH,181,2003-01-18,13,23
164,Wout Baetens,2,OH,195,1995-01-03,18,31
165,"",2,MB,203,1998-07-22,9,27
166,Samuel Fafchamps,2,MB,201,2000-07-17,21,25
167,Gorik Lantsoght,2,L,186,2002-04-05,19,24
168,Luke Herr,5,S,196,1999-04-09,2,27
169,Mason Greves,5,S,196,2001-03-19,8,25
170,Pearson Eshenko,5,MB,208,2002-10-15,1,23
171,Danny Demyanenko,5,MB,203,2000-12-22,6,25
172,Fynn McCarthy,5,MB,204,2002-11-18,3,23
173,Xander Ketrzynski,5,OPP,203,2000-01-31,11,26
174,Stephen Maar,5,OH,201,1994-12-06,7,31
175,Erik Siksna,5,OH,198,1993-07-28,4,32
176,Brodie Hofer,5,OH,198,2001-04-30,5,25
177,Eric Loeppky,5,OH,198,1998-08-01,18,27
178,Max Elgert,5,S,191,2003-07-26,9,22
179,Zachary Hollands,5,L,188,2003-04-24,14,23
180,Quintin Greenidge,5,L,180,2001-03-03,17,25
181,Sharone Vernon-Evans,5,OPP,206,1998-08-28,13,27
182,Barthélémy Chinenyeze,8,MB,201,1998-02-28,1,28
183,Jenia Grebennikov,8,L,188,1990-08-13,2,35
184,Amir Tizi-Oualou,8,S,193,2005-05-10,3,21
185,Jean Patry,8,OPP,207,1996-12-27,4,29
186,Alexandre Strehlau,8,OH,198,2001-01-04,5,25
187,Benjamin Toniutti,8,S,183,1989-10-30,6,36
188,Earvin Ngapeth,8,OH,194,1991-02-12,9,35
189,Trévor Clévenot,8,OH,199,1994-06-28,11,32
190,Marius Louati,8,OH,198,1997-08-07,12,28
191,Quentin Jouffroy,8,MB,204,2003-09-15,13,22
192,Luka Basic,8,OH,194,2003-07-06,14,23
193,Ibrahima Fanguedou,8,MB,202,2001-02-09,15,25
194,Nathan Feral,8,L,183,2002-07-17,16,24
195,Théo Faure,8,OPP,202,1999-10-12,17,26
196,Jan Zimmermann,9,S,190,1993-02-12,2,33
197,Johannes Tille,9,S,188,1997-06-07,15,29
198,Simon Torwie,9,MB,208,2001-07-19,3,25
199,Florian Krage,9,MB,202,1997-03-13,5,29
200,Tobias Krick,9,MB,213,1998-10-10,11,27
201,Philipp John,9,MB,204,2003-07-01,14,23
202,Linus Weber,9,OPP,199,1999-11-01,12,26
203,Filip John,9,OPP,204,2000-02-24,16,26
204,Moritz Karlitzek,9,OH,191,1996-04-29,4,30
205,Ruben Schott,9,OH,192,1994-09-08,6,31
206,Erik Röhrs,9,OH,201,2001-09-21,9,24
207,Denis Kaliberda,9,OH,198,1990-03-18,13,36
208,Julian Zenger,9,L,190,1997-02-17,7,29
209,Tim Peter,9,L,182,1997-09-07,17,28
210,Javad Karimi,10,S,190,1998-01-31,14,28
211,Arshia Behnejad,10,S,194,2003-03-17,15,23
212,Bardia Saadat,10,OPP,207,2002-08-12,6,23
213,Amin Esmaeilnezhad,10,OPP,202,1996-12-17,10,29
214,Amirhossein Esfandiar,10,OH,209,2000-01-17,12,26
215,Ehsan Daneshdoust,10,OH,195,2000-03-16,7,26
216,Ali Haghparast,10,OH,198,2004-05-13,22,22
217,Morteza Sharifi,10,OH,196,1999-05-27,49,27
218,Yousef Kazemi,10,MB,205,2004-04-12,20,22
219,Mohammad Valizadeh,10,MB,204,2003-11-19,27,22
220,Eisa Naseri,10,MB,204,2004-01-22,66,22
221,Mohammadreza Hazratpour,10,L,182,1999-06-16,8,27
222,Arman Salehi,10,L,180,1992-04-07,21,34
223,Pouya Ariakhah,10,OPP,205,2004-01-30,52,22
224,Simone Giannelli,11,S,200,1996-08-09,6,29
225,Paolo Porro,11,S,185,2001-10-27,7,24
226,Yuri Romanò,11,OPP,202,1997-07-26,17,28
227,Fabrizio Gironi,11,OPP,200,2000-01-06,15,26
228,Alessandro Michieletto,11,OH,211,2001-12-05,5,24
229,Daniele Lavia,11,OH,200,1999-11-04,10,26
230,Mattia Bottolo,11,OH,197,2000-05-03,21,26
231,Luca Porro,11,OH,193,2004-05-27,18,22
232,Gianluca Galassi,11,MB,201,1997-07-24,14,28
233,Giovanni Sanguinetti,11,MB,205,2000-07-20,12,26
234,Leandro Mosca,11,MB,209,2000-07-29,23,26
235,Edoardo Caneschi,11,MB,208,1996-08-22,11,29
236,Fabio Balaso,11,L,178,1995-10-20,9,30
237,Gabriele Laurenzano,11,L,176,2003-02-06,4,23
238,Nikola Jovović,14,S,190,1992-02-14,3,34
239,Vuk Todorović,14,S,190,1998-03-20,8,28
240,Dražen Luburić,14,OPP,205,1993-11-22,13,32
241,Aleksandar Atanasijević,14,OPP,201,1991-09-04,14,34
242,M10 Kujundžić,14,OH,196,1997-06-12,5,29
243,Uroš Kovačević,14,OH,198,1993-05-06,7,33
244,Marko Ivović,14,OH,196,1990-12-30,10,35
245,Aleksa Batak,14,OH,202,2003-01-17,17,23
246,Srećko Lisinac,14,MB,205,1992-09-17,1,33
247,Marko Podraščanin,14,MB,205,1987-08-29,2,38
248,Neven Majstorović,14,MB,206,2001-05-02,12,25
249,Aleksandar Nedeljković,14,MB,207,1997-10-25,16,28
250,Nikola Peković,14,L,186,1995-01-11,9,31
251,Milan Katić,14,L,184,2002-04-21,18,24
16,Jakub Majchrzak,13,MB,207,2004-05-13,17,22
